site,product_name,brand,weight_g,original_price_rub,comparable_price_rub,in_stock,check_status,is_comparable,url,first_seen,last_checked
apeti.ru,Красная икра горбуши вылов 2026 год на развес,Кристалл,100.0,1485.0,1782.0,да,да,да,https://apeti.ru/product/ikra_gorbushi_na_razves_100_g.html,2026-08-06,2026-08-06
apeti.ru,Красная икра горбуши Макаров 200 г,Макаров,200.0,2909.0,1745.4,да,да,да,https://apeti.ru/product/krasnaya_ikra_gorbushi_makarov_200_g.html,2026-08-06,2026-08-06
apeti.ru,Красная икра горбуши Макаров 500 г,Макаров,500.0,7439.0,1785.36,да,да,нет,https://apeti.ru/product/krasnaya_ikra_gorbushi_makarov_500_g.html,2026-08-06,2026-08-06
apeti.ru,Красная икра горбуши Макаров 100 г,Макаров,100.0,1500.0,1800.0,да,да,да,https://apeti.ru/product/krasnaya_ikra_gorbushi_makarov_100_g.html,2026-08-06,2026-08-06
apeti.ru,Красная икра горбуша Золото Сахалина 140 г ж/б,Золото Сахалина,140.0,2442.0,2093.14,да,да,да,https://apeti.ru/product/krasnaya_ikra_gorbusha_zoloto_sakhalina_140_g_zh_b.html,2026-08-06,2026-08-06
apeti.ru,Красная икра горбуша Золото Сахалина 200 г,Золото Сахалина,200.0,3594.0,2156.4,да,да,да,https://apeti.ru/product/krasnaya_ikra_gorbusha_zoloto_sakhalina_200_g.html,2026-08-06,2026-08-06
apeti.ru,Красная икра горбуша Золото Сахалина 90 г,Золото Сахалина,90.0,1661.0,2214.67,да,да,да,https://apeti.ru/product/krasnaya_ikra_gorbusha_zoloto_sakhalina_90_g.html,2026-08-06,2026-08-06
seafood-shop.ru,"Красная икра лососевая зернистая (Горбуша), «Икорный», 200 г. Путина 2026",,200.0,3190.0,1914.0,да,да,да,https://seafood-shop.ru/catalog/krasnaya_ikra/krasnaya_ikra_lososevaya_zernistaya_gorbusha_200_g/,2026-08-06,2026-08-06
seafood-shop.ru,"Красная икра лососевая зернистая (Кета), «Икорный», 200 г. Путина 2026",,200.0,3350.0,2010.0,да,да,нет,https://seafood-shop.ru/catalog/krasnaya_ikra/krasnaya_ikra_lososevaya_zernistaya_keta_200_g/,2026-08-06,2026-08-06
seafood-shop.ru,"Красная икра лососевая зернистая (Нерка), «Икорный», 200 г. Путина 2026",,200.0,3250.0,1950.0,да,да,нет,https://seafood-shop.ru/catalog/krasnaya_ikra/krasnaya-ikra-lososyovaya-zernistaya-nerka-200-g/,2026-08-06,2026-08-06
seafood-shop.ru,"Красная икра лососевая зернистая (Форель), без консервантов, слабосоленая, ""Кала я марьяпоят"", 100 г. Путина 2025",,100.0,1390.0,1668.0,да,да,нет,https://seafood-shop.ru/catalog/krasnaya_ikra/krasnaya-ikra-lososevaya-zernistaya-forel-bez-konservantov-kala-ya-maryapoyat-100-g-putina-2025/,2026-08-06,2026-08-06
seafood-shop.ru,"Масло икорное с икрой лососевых рыб, ""ИКОРНЫЙ"", 100 г",,100.0,290.0,348.0,да,да,нет,https://seafood-shop.ru/catalog/ikra/maslo-ikornoe-s-ikroy-lososevykh-ryb-ikornyy-100g/,2026-08-06,2026-08-06
seafood-shop.ru,"Красная икра лососевая зернистая (Нерка), без консервантов, ""Укинский лиман"", ж/б 125 г. Путина 2025",,125.0,1750.0,1680.0,да,да,нет,https://seafood-shop.ru/catalog/ikra-zamorozhennaya-/ikra-nerki-bez-konservantov-ukinskiy-liman-zh-b-125g/,2026-08-06,2026-08-06
seafood-shop.ru,"Красная икра лососевая зернистая (Кета), без консервантов, ""Укинский лиман"", ж/б 125 г. Путина 2025",,125.0,1750.0,1680.0,да,да,нет,https://seafood-shop.ru/catalog/ikra/ikra-kety-bez-konservantov-ukinskiy-liman-zh-b-125g/,2026-08-06,2026-08-06
seafood-shop.ru,"Красная икра лососевая зернистая (Форель), «Кала я марьяпоят», 120 г. Путина 2025",,120.0,1620.0,1620.0,да,да,нет,https://seafood-shop.ru/catalog/ikra/krasnaya-ikra-lososevaya-zernistaya-forel-kala-ya-maryapoyat-120-g-putina-2025/,2026-08-06,2026-08-06
seafood-shop.ru,"Красная икра лососевая зернистая (Горбуша), «Икорный», 320 г",,320.0,3750.0,1406.25,да,да,нет,https://seafood-shop.ru/catalog/krasnaya_ikra/krasnaya_ikra_lososevaya_zernistaya_gorbusha_320_g/,2026-08-06,2026-08-06
seafood-shop.ru,"Красная икра лососевая зернистая (Кижуч), «Икорный», 200 г. Путина 2025",,200.0,2790.0,1674.0,да,да,нет,https://seafood-shop.ru/catalog/krasnaya_ikra/krasnaya_ikra_lososevaya_zernistaya_kizhuch_200_g/,2026-08-06,2026-08-06
seafood-shop.ru,"Красная икра лососевая зернистая (Горбуша), «Икорный», 500 г. Путина 2025",,500.0,4220.0,1012.8,да,да,нет,https://seafood-shop.ru/catalog/krasnaya_ikra/krasnaya_ikra_lososevaya_zernistaya_gorbusha_500_g/,2026-08-06,2026-08-06
seafood-shop.ru,"Красная икра лососевая зернистая (Горбуша) ж/б, 110 г. Путина 2025",,110.0,999.0,1089.82,да,да,да,https://seafood-shop.ru/catalog/ikra-lososya/krasnaya_ikra_lososevaya_zernistaya_gorbusha_zh_b_110_g/,2026-08-06,2026-08-06
seafood-shop.ru,"Красная икра лососевая зернистая (Кета), без консервантов, «Дикий улов», 200 г. Путина 2025",,200.0,2990.0,1794.0,да,да,нет,https://seafood-shop.ru/catalog/ikra_bez_konservantov/krasnaya_ikra_lososevaya_zernistaya_keta_bez_konservantov_dikiy_ulov_200_g/,2026-08-06,2026-08-06
seafood-shop.ru,"Красная икра лососевая зернистая (Форель), «Икорный», 200 г. Путина 2025",,200.0,1790.0,1074.0,да,да,нет,https://seafood-shop.ru/catalog/krasnaya_ikra/krasnaya_ikra_lososevaya_zernistaya_forel_200_g/,2026-08-06,2026-08-06
seafood-shop.ru,"Красная икра лососевая зернистая (Чавыча), «Икорный», 200 г",,200.0,2890.0,1734.0,да,да,нет,https://seafood-shop.ru/catalog/krasnaya_ikra/krasnaya_ikra_lososevaya_zernistaya_chavycha_200_g/,2026-08-06,2026-08-06
seafood-shop.ru,"Красная икра лососевая зернистая (Форель), «Икорный», 500 г. Путина 2025",,500.0,3990.0,957.6,да,да,нет,https://seafood-shop.ru/catalog/krasnaya_ikra/krasnaya_ikra_lososevaya_zernistaya_forel_500_g/,2026-08-06,2026-08-06
seafood-shop.ru,"Красная икра лососевая зернистая (Кета), «Икорный», 500 г. Путина 2025",,500.0,4990.0,1197.6,да,да,нет,https://seafood-shop.ru/catalog/krasnaya_ikra/krasnaya_ikra_lososevaya_zernistaya_keta_500_g/,2026-08-06,2026-08-06
seafood-shop.ru,"Красная икра лососевая зернистая (Кета), «Орланэко», 200 г. Путина 2025",,200.0,2530.0,1518.0,да,да,нет,https://seafood-shop.ru/catalog/krasnaya_ikra/krasnaya_ikra_lososevaya_zernistaya_keta_orlaneko_200_g/,2026-08-06,2026-08-06
seafood-shop.ru,"Красная икра лососевая зернистая (Горбуша), «Орланэко», 200 г. Путина 2025",,200.0,2350.0,1410.0,да,да,да,https://seafood-shop.ru/catalog/krasnaya_ikra/krasnaya_ikra_lososevaya_zernistaya_gorbusha_orlaneko_200_g/,2026-08-06,2026-08-06
seafood-shop.ru,"Красная икра лососевая зернистая (Горбуша), без консервантов, «Дикий улов», 200 г. Путина 2025",,200.0,2690.0,1614.0,да,да,да,https://seafood-shop.ru/catalog/ikra_bez_konservantov/krasnaya_ikra_lososevaya_zernistaya_gorbusha_bez_konservantov_dikiy_ulov_200_g/,2026-08-06,2026-08-06
seafood-shop.ru,"Красная икра лососевая зернистая (Кета), без консервантов, «Дикий улов», 250 г",,250.0,4620.0,2217.6,да,да,нет,https://seafood-shop.ru/catalog/ikra/krasnaya-ikra-lososevaya-zernistaya-keta-bez-konservantov-dikiy-ulov-250-g/,2026-08-06,2026-08-06
seafood-shop.ru,"Красная икра лососевая зернистая (Кета), «Орланэко», 90 г. Путина 2025",,90.0,999.0,1332.0,да,да,нет,https://seafood-shop.ru/catalog/krasnaya_ikra/krasnaya_ikra_lososevaya_zernistaya_keta_orlaneko_90_g/,2026-08-06,2026-08-06
seafood-shop.ru,"Красная икра лососевая зернистая (Кета), без консервантов, «Дикий улов», 90 г",,90.0,1390.0,1853.33,да,да,нет,https://seafood-shop.ru/catalog/krasnaya_ikra_90_g/krasnaya_ikra_lososevaya_zernistaya_keta_bez_konservantov_dikiy_ulov_90_g/,2026-08-06,2026-08-06
seafood-shop.ru,"Красная икра лососевая зернистая (Нерка) Salmonica, 130 г. Путина 2025",,130.0,1290.0,1190.77,да,да,нет,https://seafood-shop.ru/catalog/krasnaya_ikra/krasnaya_ikra_lososevaya_zernistaya_nerka_130_g/,2026-08-06,2026-08-06
seafood-shop.ru,"Красная икра лососевая зернистая (Горбуша), без консервантов, ""Укинский лиман"", ж/б 125 г. Путина 2025",,125.0,1590.0,1526.4,да,да,да,https://seafood-shop.ru/catalog/ikra_v_zheleznoy_banke_1/ikra-gorbushi-bez-konservantov-ukinskiy-liman-zh-b-125g/,2026-08-06,2026-08-06
seafood-shop.ru,"Красная икра лососевая зернистая (Кета), без консервантов экспортная «Дикий улов», 200 г. Путина 2025",,200.0,3360.0,2016.0,да,да,нет,https://seafood-shop.ru/catalog/ikra_bez_konservantov/ikra_kety_bez_konservantov_eksportnaya_pl_b_200g/,2026-08-06,2026-08-06
seafood-shop.ru,"Красная икра лососевая зернистая (Горбуша), без консервантов, «Русак», 200 г",,200.0,2100.0,1260.0,да,да,да,https://seafood-shop.ru/catalog/ikra_bez_konservantov/ikra-gorbushi-rusak-zam-200g/,2026-08-06,2026-08-06
seafood-shop.ru,"Красная икра лососевая зернистая (Кета), без консервантов, «Русак», 100 г",,100.0,1100.0,1320.0,да,да,нет,https://seafood-shop.ru/catalog/ikra_bez_konservantov/ikra-kety-rusak-zam-100g/,2026-08-06,2026-08-06
seafood-shop.ru,"Красная икра лососевая зернистая (Форель), «Кала я марьяпоят», 250 г. Путина 2025",,250.0,2490.0,1195.2,да,да,нет,https://seafood-shop.ru/catalog/krasnaya_ikra/krasnaya_ikra_lososevaya_zernistaya_forel_kala_ya_maryapoyat_250_g/,2026-08-06,2026-08-06
seafood-shop.ru,"Красная икра лососевая зернистая (Горбуша), 90 г",,90.0,490.0,653.33,да,да,да,https://seafood-shop.ru/catalog/krasnaya_ikra/krasnaya_ikra_lososevaya_zernistaya_gorbusha_90_g/,2026-08-06,2026-08-06
seafood-shop.ru,"Красная икра лососевая зернистая (Горбуша), без консервантов, «Дикий улов», 90 г",,90.0,1240.0,1653.33,да,да,да,https://seafood-shop.ru/catalog/ikra_bez_konservantov/krasnaya_ikra_lososevaya_zernistaya_gorbusha_bez_konservantov_dikiy_ulov_90_g/,2026-08-06,2026-08-06
seafood-shop.ru,"Красная икра лососевая зернистая (Кета), без консервантов, «Охотоморье», 140 г",,140.0,1990.0,1705.71,да,да,нет,https://seafood-shop.ru/catalog/ikra_bez_konservantov/rasnaya_ikra_lososevaya_zernistaya_keta_bez_konservantov_okhotomore_140_g/,2026-08-06,2026-08-06
delikateska.ru,Икра красная горбуши Маленькая Радость 110г,,110.0,1899.0,2071.64,да,да,да,https://www.delikateska.ru/catalog/ikra/element/6558/,2026-08-06,2026-08-06
delikateska.ru,Икра красная горбуши 170г ,,170.0,2890.0,2040.0,да,да,да,https://www.delikateska.ru/catalog/ikra/element/18025/,2026-08-06,2026-08-06
delikateska.ru,Икра красная горбуши отборная 140г,,140.0,2390.0,2048.57,да,да,да,https://www.delikateska.ru/catalog/ikra/element/69114/,2026-08-06,2026-08-06
delikateska.ru,Икра красная горбуши малосоленая 230г,,230.0,4290.0,2238.26,да,да,нет,https://www.delikateska.ru/catalog/ikra/element/8467/,2026-08-06,2026-08-06
delikateska.ru,Икра красная горбуши 500г,,500.0,7290.0,1749.6,да,да,нет,https://www.delikateska.ru/catalog/ikra/element/25/,2026-08-06,2026-08-06
delikateska.ru,Икра форели без консервантов замороженная 200г,,200.0,2390.0,1434.0,да,да,нет,https://www.delikateska.ru/catalog/ikra/element/70324/,2026-08-06,2026-08-06
delikateska.ru,Икра красная форели зернистая 200г,,200.0,1599.0,959.4,да,да,нет,https://www.delikateska.ru/catalog/ikra/element/159/,2026-08-06,2026-08-06
